<?xml version="1.0" encoding="UTF-8"?>
<Configuration>
    <Appenders>

        <!-- Console Appender -->
        <Console name="Console" target="SYSTEM_OUT">
            <PatternLayout pattern="%d{yyyy-MM-dd HH:mm:ss a} [%t] %-5level %logger{36} - %msg%n"/>
        </Console>

        <!-- Rolling File Appender -->
        <RollingFile name="RollingFile">
            <FileName>${sys:java.io.tmpdir}asigra-poc/logs/app.log</FileName>
            <FilePattern>${sys:java.io.tmpdir}asigra-poc/logs/%d{yyyy-MM-dd}-%i.log.zip</FilePattern>
            <PatternLayout pattern="%d{yyyy-MM-dd HH:mm:ss a} [%t] %-5level %logger{36} - %msg%n"/>
            <Policies>
                <SizeBasedTriggeringPolicy size="5 MB"/>
            </Policies>
            <DefaultRolloverStrategy max="5"/>
        </RollingFile>

    </Appenders>
    <Loggers>
        <Logger name="com.asigra" level="debug" additivity="false">
            <AppenderRef ref="Console"/>
            <AppenderRef ref="RollingFile"/>
        </Logger>
        <Root level="error">
            <AppenderRef ref="Console"/>
            <AppenderRef ref="RollingFile"/>
        </Root>
    </Loggers>
</Configuration>